{"cameraMode":{"drawMode":0,"name":"Shaded","section":"Shading Mode"},"sceneLighting":true,"audioPlay":false,"sceneViewState":{"showFog":true,"showMaterialUpdate":false,"showSkybox":true,"showFlares":true,"showImageEffects":true,"showParticleSystems":true},"in2DMode":false,"pivot":{"x":605.1116943359375,"y":416.1533203125,"z":11.963134765625},"rotation":{"x":0.19236531853675843,"y":-0.1294066607952118,"z":0.0255995262414217,"w":0.9724189043045044},"size":351.7416687011719,"orthographic":false}