{"cameraMode":{"drawMode":0,"name":"Shaded","section":"Shading Mode"},"sceneLighting":true,"audioPlay":false,"sceneViewState":{"showFog":true,"showMaterialUpdate":false,"showSkybox":true,"showFlares":true,"showImageEffects":true,"showParticleSystems":true},"in2DMode":false,"pivot":{"x":-1.7716922760009766,"y":1.045720100402832,"z":2.361483573913574},"rotation":{"x":0.21774272620677949,"y":-0.33745506405830386,"z":0.08054511994123459,"w":0.9122652411460877},"size":6.6765947341918949,"orthographic":false}